{"cameraMode":{"drawMode":0,"name":"Shaded","section":"Shading Mode"},"sceneLighting":true,"audioPlay":false,"sceneViewState":{"showFog":true,"showMaterialUpdate":false,"showSkybox":true,"showFlares":true,"showImageEffects":true,"showParticleSystems":true},"in2DMode":false,"pivot":{"x":-19.322385787963868,"y":-11.355062484741211,"z":10.535257339477539},"rotation":{"x":0.24939186871051789,"y":-0.4634251594543457,"z":0.137738898396492,"w":0.8390979766845703},"size":25.143211364746095,"orthographic":false}