{"cameraMode":{"drawMode":0,"name":"Shaded","section":"Shading Mode"},"sceneLighting":true,"audioPlay":false,"sceneViewState":{"showFog":true,"showMaterialUpdate":false,"showSkybox":true,"showFlares":true,"showImageEffects":true,"showParticleSystems":true},"in2DMode":false,"pivot":{"x":-452.0,"y":73.18873596191406,"z":-52.85719299316406},"rotation":{"x":0.02179778181016445,"y":-0.8739068508148193,"z":0.03935133293271065,"w":0.4840150475502014},"size":6.428001880645752,"orthographic":false}