{"cameraMode":{"drawMode":0,"name":"Shaded","section":"Shading Mode"},"sceneLighting":false,"audioPlay":false,"sceneViewState":{"showFog":true,"showMaterialUpdate":false,"showSkybox":false,"showFlares":true,"showImageEffects":true,"showParticleSystems":true},"in2DMode":false,"pivot":{"x":-0.05400550365447998,"y":1.138291835784912,"z":0.04004639387130737},"rotation":{"x":0.06853873282670975,"y":-0.9314526319503784,"z":0.2577802836894989,"w":0.2475534975528717},"size":1.7657036781311036,"orthographic":false}