{"cameraMode":{"drawMode":0,"name":"Shaded","section":"Shading Mode"},"sceneLighting":true,"audioPlay":false,"sceneViewState":{"showFog":true,"showMaterialUpdate":false,"showSkybox":true,"showFlares":true,"showImageEffects":true,"showParticleSystems":true},"in2DMode":false,"pivot":{"x":-13.076175689697266,"y":-0.5433789491653442,"z":-1.4196449518203736},"rotation":{"x":0.08881532400846482,"y":-0.7542930245399475,"z":0.10427683591842652,"w":0.6421533823013306},"size":11.956111907958985,"orthographic":false}