{"cameraMode":{"drawMode":0,"name":"Shaded","section":"Shading Mode"},"sceneLighting":true,"audioPlay":false,"sceneViewState":{"showFog":true,"showMaterialUpdate":false,"showSkybox":true,"showFlares":true,"showImageEffects":true,"showParticleSystems":true},"in2DMode":false,"pivot":{"x":-17.030731201171876,"y":-7.790032386779785,"z":-0.17722666263580323},"rotation":{"x":-0.19567178189754487,"y":0.651059091091156,"z":-0.17913560569286347,"w":-0.711163341999054},"size":17.98843765258789,"orthographic":false}