{"cameraMode":{"drawMode":0,"name":"Shaded","section":"Shading Mode"},"sceneLighting":false,"audioPlay":false,"sceneViewState":{"showFog":true,"showMaterialUpdate":false,"showSkybox":false,"showFlares":true,"showImageEffects":true,"showParticleSystems":true},"in2DMode":false,"pivot":{"x":0.046487271785736087,"y":0.01957845687866211,"z":-0.03461050987243652},"rotation":{"x":0.010392487980425358,"y":-0.9152274131774902,"z":0.4021458327770233,"w":0.02360709011554718},"size":0.7728626132011414,"orthographic":false}