{"cameraMode":{"drawMode":0,"name":"Shaded","section":"Shading Mode"},"sceneLighting":true,"audioPlay":false,"sceneViewState":{"showFog":true,"showMaterialUpdate":false,"showSkybox":true,"showFlares":true,"showImageEffects":true,"showParticleSystems":true},"in2DMode":false,"pivot":{"x":-6.064833641052246,"y":-3.795361042022705,"z":-6.091126441955566},"rotation":{"x":0.10369651764631272,"y":-0.8935133814811707,"z":0.2690607011318207,"w":0.34426650404930117},"size":11.066500663757325,"orthographic":false}