{"cameraMode":{"drawMode":0,"name":"Shaded","section":"Shading Mode"},"sceneLighting":true,"audioPlay":false,"sceneViewState":{"showFog":true,"showMaterialUpdate":false,"showSkybox":true,"showFlares":true,"showImageEffects":true,"showParticleSystems":true},"in2DMode":false,"pivot":{"x":-4.239075183868408,"y":0.6396760940551758,"z":-0.45756661891937258},"rotation":{"x":0.10785851627588272,"y":-0.8175079822540283,"z":0.1627403199672699,"w":0.5418152809143066},"size":3.336881399154663,"orthographic":false}