{"cameraMode":{"drawMode":0,"name":"Shaded","section":"Shading Mode"},"sceneLighting":true,"audioPlay":false,"sceneViewState":{"showFog":true,"showMaterialUpdate":false,"showSkybox":true,"showFlares":true,"showImageEffects":true,"showParticleSystems":true},"in2DMode":false,"pivot":{"x":-8.838913917541504,"y":-3.5261735916137697,"z":-0.5210909247398377},"rotation":{"x":0.2047301083803177,"y":-0.702043354511261,"z":0.22293834388256074,"w":0.6446301341056824},"size":9.634783744812012,"orthographic":false}