{"cameraMode":{"drawMode":0,"name":"Shaded","section":"Shading Mode"},"sceneLighting":false,"audioPlay":false,"sceneViewState":{"showFog":true,"showMaterialUpdate":false,"showSkybox":false,"showFlares":true,"showImageEffects":true,"showParticleSystems":true},"in2DMode":false,"pivot":{"x":20.982818603515626,"y":-80.72909545898438,"z":-51.961936950683597},"rotation":{"x":0.1243385300040245,"y":-0.7025229334831238,"z":0.12674926221370698,"w":0.6891598701477051},"size":508.8695983886719,"orthographic":false}