{"cameraMode":{"drawMode":0,"name":"Shaded","section":"Shading Mode"},"sceneLighting":true,"audioPlay":false,"sceneViewState":{"showFog":true,"showMaterialUpdate":false,"showSkybox":true,"showFlares":true,"showImageEffects":true,"showParticleSystems":true},"in2DMode":false,"pivot":{"x":-2.313030958175659,"y":1.8399243354797364,"z":0.16413120925426484},"rotation":{"x":0.0859646275639534,"y":-0.6572765707969666,"z":0.07585342973470688,"w":0.7448828816413879},"size":2.4232234954833986,"orthographic":false}