{"cameraMode":{"drawMode":0,"name":"Shaded","section":"Shading Mode"},"sceneLighting":true,"audioPlay":false,"sceneViewState":{"showFog":true,"showMaterialUpdate":false,"showSkybox":true,"showFlares":true,"showImageEffects":true,"showParticleSystems":true},"in2DMode":false,"pivot":{"x":-1.4583896398544312,"y":1.2189035415649415,"z":0.7166631817817688},"rotation":{"x":0.11906698346138,"y":-0.41373008489608767,"z":0.054677098989486697,"w":0.9009279608726502},"size":1.6195225715637208,"orthographic":false}