{"cameraMode":{"drawMode":0,"name":"Shaded","section":"Shading Mode"},"sceneLighting":true,"audioPlay":false,"sceneViewState":{"showFog":true,"showMaterialUpdate":false,"showSkybox":true,"showFlares":true,"showImageEffects":true,"showParticleSystems":true},"in2DMode":false,"pivot":{"x":-2.4359512329101564,"y":0.8125035762786865,"z":0.5252088308334351},"rotation":{"x":0.11579568684101105,"y":-0.6304476261138916,"z":0.09586125612258911,"w":0.761538028717041},"size":4.0266194343566898,"orthographic":false}