{"cameraMode":{"drawMode":0,"name":"Shaded","section":"Shading Mode"},"sceneLighting":true,"audioPlay":false,"sceneViewState":{"showFog":true,"showMaterialUpdate":false,"showSkybox":true,"showFlares":true,"showImageEffects":true,"showParticleSystems":true},"in2DMode":false,"pivot":{"x":-1.2743775844573975,"y":1.161802887916565,"z":1.8039627075195313},"rotation":{"x":0.12749747931957246,"y":-0.3462158739566803,"z":0.04755401611328125,"w":0.9282382726669312},"size":1.1596088409423829,"orthographic":false}