{"cameraMode":{"drawMode":0,"name":"Shaded","section":"Shading Mode"},"sceneLighting":true,"audioPlay":false,"sceneViewState":{"showFog":true,"showMaterialUpdate":false,"showSkybox":true,"showFlares":true,"showImageEffects":true,"showParticleSystems":true},"in2DMode":false,"pivot":{"x":-0.9335496425628662,"y":1.4703567028045655,"z":1.1258797645568848},"rotation":{"x":0.1628548800945282,"y":-0.16345669329166413,"z":0.027368370443582536,"w":0.9726333618164063},"size":1.476776361465454,"orthographic":false}