{"cameraMode":{"drawMode":0,"name":"Shaded","section":"Shading Mode"},"sceneLighting":true,"audioPlay":false,"sceneViewState":{"showFog":true,"showMaterialUpdate":false,"showSkybox":true,"showFlares":true,"showImageEffects":true,"showParticleSystems":true},"in2DMode":false,"pivot":{"x":-0.8641061186790466,"y":1.6458783149719239,"z":-1.7750728130340577},"rotation":{"x":0.007174134720116854,"y":0.9882226586341858,"z":-0.04895706847310066,"w":0.1448095589876175},"size":2.666785717010498,"orthographic":false}