{"cameraMode":{"drawMode":0,"name":"Shaded","section":"Shading Mode"},"sceneLighting":true,"audioPlay":false,"sceneViewState":{"showFog":true,"showMaterialUpdate":false,"showSkybox":true,"showFlares":true,"showImageEffects":true,"showParticleSystems":true},"in2DMode":false,"pivot":{"x":-2.8283708095550539,"y":2.367884397506714,"z":1.2512707710266114},"rotation":{"x":0.23221543431282044,"y":-0.0655972883105278,"z":0.015696562826633455,"w":0.9703291058540344},"size":1.0195226669311524,"orthographic":false}